Name,Country,Date,Latitude,Longitude,Max Temperature,Humidity,Cloudiness,Wind Speed
Kruisfontein,ZA,16 Oct 2019 02:14:03,-34.0,24.73,13.55,59,0,2.118
Wainwright,CA,16 Oct 2019 02:14:04,52.84,-110.86,2.95,69,100,8.533
Longyearbyen,NO,16 Oct 2019 02:14:04,78.22,15.63,-6.0,79,20,2.6
Kapaa,US,16 Oct 2019 02:14:04,22.08,-159.32,28.0,74,40,7.7
Busselton,AU,16 Oct 2019 02:14:05,-33.64,115.35,19.44,33,47,2.47
San Vicente de Canete,PE,16 Oct 2019 02:14:05,-13.08,-76.38,16.15,91,3,1.47
Pevek,RU,16 Oct 2019 02:14:05,69.7,170.27,-1.05,74,0,2.793
Barrow,AR,16 Oct 2019 02:14:06,-38.31,-60.23,5.45,95,88,3.621
Yellowknife,CA,16 Oct 2019 02:14:06,62.45,-114.38,1.0,80,90,5.7
Lavrentiya,RU,16 Oct 2019 02:14:06,65.58,-170.99,2.05,81,80,9.171
Abnub,EG,16 Oct 2019 02:14:07,27.27,31.15,22.0,73,0,4.1
Novosergiyevka,RU,16 Oct 2019 02:14:07,52.08,53.65,3.95,85,11,5.991
Albany,US,16 Oct 2019 02:14:07,42.65,-73.75,8.0,70,20,1.864
Punta Arenas,CL,16 Oct 2019 02:14:08,-53.16,-70.91,7.0,70,0,4.1
Namatanai,PG,16 Oct 2019 02:14:08,-3.66,152.44,28.75,70,100,2.731
Sitka,US,16 Oct 2019 02:14:08,37.17,-99.65,9.44,48,0,2.68
Tilichiki,RU,16 Oct 2019 02:14:09,60.47,166.1,-2.05,86,100,8.08
Hithadhoo,MV,16 Oct 2019 02:14:09,-0.6,73.08,26.75,78,100,3.053
Angoram,PG,16 Oct 2019 02:14:09,-4.06,144.07,34.05,50,87,1.225
Vilyuysk,RU,16 Oct 2019 02:14:09,63.75,121.63,0.25,88,100,4.449
Togur,RU,16 Oct 2019 02:14:10,58.36,82.83,5.85,83,91,4.663
Mabaruma,GY,16 Oct 2019 02:14:10,8.2,-59.78,22.45,97,96,0.951
Kavieng,PG,16 Oct 2019 02:14:10,-2.57,150.8,28.65,69,54,0.863
Dudinka,RU,16 Oct 2019 02:14:11,69.41,86.18,-8.0,92,75,10.0
Rikitea,PF,16 Oct 2019 02:14:11,-23.12,-134.97,23.65,88,67,2.908
Hermanus,ZA,16 Oct 2019 02:14:11,-34.42,19.24,13.89,95,31,0.45
Puerto Ayora,EC,16 Oct 2019 02:14:11,-0.74,-90.35,20.0,88,0,1.79
Praya,ID,16 Oct 2019 02:14:12,-8.71,116.27,30.0,58,20,4.6
Ushuaia,AR,16 Oct 2019 02:14:12,-54.81,-68.31,5.0,93,3,2.6
San Patricio,PY,16 Oct 2019 02:14:12,-26.98,-56.83,16.25,93,100,1.963
Altagracia de Orituco,VE,16 Oct 2019 02:14:13,9.86,-66.38,19.75,98,100,0.778
Nikolskoye,RU,16 Oct 2019 02:14:13,59.7,30.79,3.0,91,40,5.0
Jamestown,AU,16 Oct 2019 02:14:13,-33.21,138.6,16.55,57,97,4.517
Kaitangata,NZ,16 Oct 2019 02:14:13,-46.28,169.85,11.67,73,100,1.79
Lagoa,PT,16 Oct 2019 02:14:14,37.14,-8.45,15.56,76,0,1.5
Ust-Kuyga,RU,16 Oct 2019 02:14:14,70.0,135.55,-10.85,94,93,3.847
Natal,BR,16 Oct 2019 02:14:14,-5.81,-35.21,26.0,88,20,3.1
Berlevag,NO,16 Oct 2019 02:14:15,70.86,29.09,-1.0,92,40,3.1
Mataura,NZ,16 Oct 2019 02:14:15,-46.19,168.86,14.44,74,86,0.89
Lebu,ET,16 Oct 2019 02:14:15,8.96,38.73,9.15,78,46,1.988
Severo-Kurilsk,RU,16 Oct 2019 02:14:15,50.68,156.12,2.75,78,95,13.311
Qaanaaq,GL,16 Oct 2019 02:14:16,77.48,-69.36,-7.75,95,100,2.397
Juba,EE,16 Oct 2019 02:14:16,57.82,26.93,5.56,86,90,6.2
Port Elizabeth,US,16 Oct 2019 02:14:16,39.31,-74.98,16.11,87,1,2.194
Angren,UZ,16 Oct 2019 02:14:17,41.01,70.08,11.85,38,0,0.583
Sakaiminato,JP,16 Oct 2019 02:14:17,35.55,133.23,18.0,48,40,2.6
Hilo,US,16 Oct 2019 02:14:17,19.71,-155.08,28.0,69,90,5.7
Ondangwa,NA,16 Oct 2019 02:14:17,-17.91,15.98,25.15,19,81,4.912
Esperance,AU,16 Oct 2019 02:14:18,-33.86,121.89,13.0,76,75,4.6
New Norfolk,AU,16 Oct 2019 02:14:18,-42.78,147.06,17.22,38,20,3.6
Ous,RU,16 Oct 2019 02:14:18,60.91,61.52,1.75,96,100,3.769
Pochutla,MX,16 Oct 2019 02:14:19,15.74,-96.47,26.67,82,100,1.749
Orange Cove,US,16 Oct 2019 02:14:19,36.62,-119.31,27.0,43,1,2.3
Norman Wells,CA,16 Oct 2019 02:14:19,65.28,-126.83,-1.0,80,75,7.7
San Ramon,NI,16 Oct 2019 02:14:19,12.92,-85.84,18.55,97,97,1.084
Kikwit,CD,16 Oct 2019 02:14:20,-5.04,18.82,19.55,99,77,0.246
Mount Gambier,AU,16 Oct 2019 02:14:20,-37.83,140.78,15.0,82,75,3.6
Yaan,NG,16 Oct 2019 02:14:20,7.38,8.57,22.95,95,100,3.346
Anadyr,RU,16 Oct 2019 02:14:20,64.73,177.51,4.0,94,40,16.0
Saskylakh,RU,16 Oct 2019 02:14:21,71.97,114.09,-11.25,96,100,2.342
Pinar del Rio,CU,16 Oct 2019 02:14:21,22.42,-83.7,23.95,92,78,1.936
Grand Forks,US,16 Oct 2019 02:14:21,47.91,-97.06,3.0,100,90,3.6
Pinczow,PL,16 Oct 2019 02:14:22,50.52,20.53,13.33,90,0,0.45
Bambous Virieux,MU,16 Oct 2019 02:14:22,-20.34,57.76,22.0,83,40,2.1
Tucuman,PE,16 Oct 2019 02:14:23,-17.17,-70.89,10.65,44,69,0.668
Constitucion,MX,16 Oct 2019 02:14:23,23.99,-104.67,21.0,43,40,1.5
Moundou,TD,16 Oct 2019 02:14:23,8.57,16.07,21.95,94,100,1.597
Bluff,AU,16 Oct 2019 02:14:23,-23.58,149.07,33.65,28,0,4.239
Tuktoyaktuk,CA,16 Oct 2019 02:14:24,69.44,-133.03,-6.0,92,90,6.7
Namibe,AO,16 Oct 2019 02:14:24,-15.19,12.15,21.45,83,74,2.315
Seoul,KR,16 Oct 2019 02:14:24,37.57,126.98,17.0,51,73,2.1
Zhengjiatun,CN,16 Oct 2019 02:14:25,43.51,123.51,14.25,26,0,1.531
Port Hardy,CA,16 Oct 2019 02:14:25,50.7,-127.42,10.0,87,75,10.8
Arraial do Cabo,BR,16 Oct 2019 02:14:26,-22.97,-42.02,22.45,89,0,4.213
Kosa,JP,16 Oct 2019 02:14:26,32.67,130.82,22.0,49,0,3.1
Vaini,IN,16 Oct 2019 02:14:26,15.34,74.49,23.0,88,19,1.5
Torbay,CA,16 Oct 2019 02:14:27,47.66,-52.73,8.33,87,90,5.1
Tiksi,RU,16 Oct 2019 02:14:27,71.64,128.87,-8.25,87,99,2.958
Stromness,CA,16 Oct 2019 02:14:27,42.87,-79.55,11.67,71,20,4.1
Oranjestad,AW,16 Oct 2019 02:14:28,12.52,-70.03,29.0,79,40,8.2
Meiringen,CH,16 Oct 2019 02:14:28,46.73,8.19,9.44,87,75,1.5
Gornopravdinsk,RU,16 Oct 2019 02:14:28,60.06,69.92,3.85,94,100,3.097
Victoria,BN,16 Oct 2019 02:14:29,5.28,115.24,30.0,74,75,1.0
Hobart,AU,16 Oct 2019 02:14:29,-42.88,147.33,17.22,38,20,3.6
Port Blair,IN,16 Oct 2019 02:14:29,11.67,92.75,28.85,75,9,4.902
Codrington,AU,16 Oct 2019 02:14:30,-28.95,153.24,32.78,33,0,6.2
Kodiak,US,16 Oct 2019 02:14:30,39.95,-94.76,9.44,63,1,5.1
Flinders,AU,16 Oct 2019 02:14:30,-34.58,150.85,25.56,60,78,2.6
Puro,PH,16 Oct 2019 02:14:30,13.13,123.76,27.45,78,20,3.528
Bajina Basta,BA,16 Oct 2019 02:14:31,43.97,19.57,13.0,47,0,3.6
Manama,AE,16 Oct 2019 02:14:32,25.33,56.02,28.0,88,0,2.1
Cidreira,BR,16 Oct 2019 02:14:32,-30.17,-50.22,18.85,82,95,11.717
Probota,RO,16 Oct 2019 02:14:32,47.38,27.51,11.11,93,75,4.1
Adre,TD,16 Oct 2019 02:14:32,13.47,22.2,23.05,75,100,3.648
Kailua,US,16 Oct 2019 02:14:33,21.39,-157.74,31.0,62,20,7.2
Souillac,FR,16 Oct 2019 02:14:33,45.6,-0.6,13.0,87,67,4.1
Goderich,CA,16 Oct 2019 02:14:33,43.74,-81.71,12.22,77,100,8.924
Barcelos,BR,16 Oct 2019 02:14:34,-0.97,-62.93,22.55,98,100,0.697
Dingle,PH,16 Oct 2019 02:14:34,11.0,122.67,29.15,74,49,5.41
Saint-Philippe,CA,16 Oct 2019 02:14:36,45.36,-73.48,10.56,61,75,2.6
Buluang,PH,16 Oct 2019 02:14:36,10.47,123.98,31.0,66,20,5.1
Tautira,PF,16 Oct 2019 02:14:36,-17.73,-149.15,29.0,70,40,5.1
Mar del Plata,AR,16 Oct 2019 02:14:36,-46.43,-67.52,8.95,76,96,6.635
Taoudenni,ML,16 Oct 2019 02:14:37,22.68,-3.98,30.95,21,43,4.045
Tupik,RU,16 Oct 2019 02:14:37,54.43,119.94,4.15,64,5,1.27
Hasaki,JP,16 Oct 2019 02:14:37,35.73,140.83,17.78,67,75,5.7
Saint Joseph,US,16 Oct 2019 02:14:38,39.77,-94.85,11.11,63,1,6.2
Gamba,CN,16 Oct 2019 02:14:38,28.28,88.52,0.25,41,0,2.124
Ilulissat,GL,16 Oct 2019 02:14:38,69.22,-51.1,-5.0,38,77,2.6
Broken Hill,AU,16 Oct 2019 02:14:39,-31.97,141.45,23.0,49,95,5.7
Leningradskiy,RU,16 Oct 2019 02:14:39,69.38,178.42,2.15,82,95,5.473
Bethel,US,16 Oct 2019 02:14:39,60.79,-161.76,2.0,93,75,2.6
Waipawa,NZ,16 Oct 2019 02:14:40,-39.94,176.59,13.33,91,100,3.13
Karratha,AU,16 Oct 2019 02:14:40,-20.74,116.85,24.95,65,0,5.314
Salisbury,GB,16 Oct 2019 02:14:40,51.07,-1.8,14.44,93,100,5.7
Atuona,PF,16 Oct 2019 02:14:41,-9.8,-139.03,26.55,74,0,7.976
Douentza,ML,16 Oct 2019 02:14:41,15.01,-2.95,30.45,21,31,2.259
Takoradi,GH,16 Oct 2019 02:14:41,4.89,-1.75,24.55,92,63,3.809
Katsuura,JP,16 Oct 2019 02:14:42,33.93,134.5,20.56,52,75,5.7
Bhadasar,IN,16 Oct 2019 02:14:42,28.3,74.31,28.95,18,0,2.909
Ahuimanu,US,16 Oct 2019 02:14:42,21.44,-157.84,31.0,62,20,7.2
Cherskiy,RU,16 Oct 2019 02:14:42,68.75,161.3,-1.15,92,100,9.807
Fort Pierce,US,16 Oct 2019 02:14:43,27.45,-80.33,26.67,78,1,1.5
Beckley,US,16 Oct 2019 02:14:43,37.78,-81.19,15.0,47,1,4.6
Bredasdorp,ZA,16 Oct 2019 02:14:44,-34.53,20.04,11.11,87,0,1.175
Chuy,UY,16 Oct 2019 02:14:44,-33.69,-53.46,13.95,77,100,5.332
Brae,GB,16 Oct 2019 02:14:44,60.4,-1.35,10.0,93,100,9.3
Avarua,CK,16 Oct 2019 02:14:45,-21.21,-159.78,26.0,61,54,4.1
Camacha,PT,16 Oct 2019 02:14:45,33.08,-16.33,19.0,72,75,1.0
Jackson,US,16 Oct 2019 02:14:46,43.48,-110.76,8.0,38,1,2.1
Kaitong,CN,16 Oct 2019 02:14:46,44.81,123.15,12.95,27,90,1.876
Griffith,AU,16 Oct 2019 02:14:46,-34.29,146.06,25.0,33,100,9.3
Tocopilla,CL,16 Oct 2019 02:14:46,-22.09,-70.2,12.85,28,0,1.998
Linqing,CN,16 Oct 2019 02:14:47,36.85,115.71,12.25,52,100,1.755
Vlissingen,NL,16 Oct 2019 02:14:47,51.46,3.57,12.22,93,0,7.7
Fukue,JP,16 Oct 2019 02:14:47,35.03,136.69,21.11,52,40,3.1
Port Alfred,ZA,16 Oct 2019 02:14:48,-33.59,26.89,13.89,85,20,1.999
Palmeirais,BR,16 Oct 2019 02:14:48,-5.97,-43.06,27.95,41,43,2.839
Lamu,CN,16 Oct 2019 02:14:48,35.77,102.37,4.25,52,0,1.9
Lyuban,BY,16 Oct 2019 02:14:49,52.8,28.0,12.45,84,92,5.035
Thohoyandou,ZA,16 Oct 2019 02:14:49,-22.97,30.46,18.85,80,100,4.02
Srednyaya Akhtuba,RU,16 Oct 2019 02:14:49,48.71,44.86,8.0,100,20,2.0
Talcahuano,CL,16 Oct 2019 02:14:49,-36.72,-73.12,11.0,93,20,1.0
San Policarpo,PH,16 Oct 2019 02:14:50,12.18,125.51,28.35,80,100,5.37
Srednekolymsk,RU,16 Oct 2019 02:14:50,67.46,153.71,-6.95,90,98,6.381
Hambantota,LK,16 Oct 2019 02:14:50,6.12,81.12,24.0,100,90,2.1
Castro,CL,16 Oct 2019 02:14:51,-42.48,-73.76,8.0,100,20,1.276
Iranshahr,IR,16 Oct 2019 02:14:51,27.21,60.69,21.0,32,0,3.1
Butaritari,KI,16 Oct 2019 02:14:51,3.07,172.79,26.25,80,100,1.81
Zhongshan,CN,16 Oct 2019 02:14:51,22.52,113.37,30.0,61,53,5.7
Ribeira Grande,PT,16 Oct 2019 02:14:52,38.52,-28.7,18.95,96,100,10.289
Cape Town,ZA,16 Oct 2019 02:14:52,-33.93,18.42,17.22,67,22,5.1
Carnarvon,ZA,16 Oct 2019 02:14:52,-30.97,22.13,14.45,26,24,3.752
Oktyabrskiy,RU,16 Oct 2019 02:14:53,55.61,37.97,1.0,80,11,1.0
Lyngseidet,NO,16 Oct 2019 02:14:53,69.58,20.21,-2.0,92,40,3.6
Tasiilaq,GL,16 Oct 2019 02:14:53,65.61,-37.64,1.0,59,13,1.0
Sao Filipe,CV,16 Oct 2019 02:14:53,14.9,-24.5,24.55,89,51,3.775
Thompson,CA,16 Oct 2019 02:14:54,55.74,-97.86,-1.0,86,75,1.5
Mahon,IE,16 Oct 2019 02:14:54,51.89,-8.4,7.0,87,20,4.6
Huarmey,PE,16 Oct 2019 02:14:54,-10.07,-78.15,15.85,81,94,1.036
Luderitz,NA,16 Oct 2019 02:14:54,-26.65,15.16,16.0,72,0,6.7
Provideniya,RU,16 Oct 2019 02:14:55,64.42,-173.23,4.0,86,90,8.0
Chokurdakh,RU,16 Oct 2019 02:14:55,70.62,147.9,-11.15,96,97,2.972
Caravelas,BR,16 Oct 2019 02:14:55,-17.73,-39.27,21.35,91,0,3.251
Georgetown,GY,16 Oct 2019 02:14:56,6.8,-58.16,27.0,88,75,4.1
Egvekinot,RU,16 Oct 2019 02:14:56,66.32,-179.17,-4.25,91,7,6.586
Rantepao,ID,16 Oct 2019 02:14:56,-2.97,119.9,24.15,87,70,1.662
Shimoda,JP,16 Oct 2019 02:14:57,34.7,138.93,18.0,82,75,10.3
Troitskoye,RU,16 Oct 2019 02:14:57,52.98,84.68,9.75,57,100,6.309
Ponta do Sol,BR,16 Oct 2019 02:14:57,-20.63,-46.0,21.65,57,94,1.943
Cabo San Lucas,MX,16 Oct 2019 02:14:58,22.89,-109.91,28.0,83,75,3.1
Tanete,ID,16 Oct 2019 02:14:58,-3.94,119.78,30.35,63,82,3.633
Beringovskiy,RU,16 Oct 2019 02:14:58,63.05,179.32,4.25,94,100,12.365
Paamiut,GL,16 Oct 2019 02:14:59,61.99,-49.67,2.05,50,0,3.675
Ovalle,CL,16 Oct 2019 02:14:59,-30.6,-71.2,6.35,82,3,0.181
Washington DC.,US,16 Oct 2019 02:07:58,38.9,-77.04,17.0,59,75,4.6
Alofi,NU,16 Oct 2019 02:14:59,-19.06,-169.92,29.0,66,75,5.1
Acapulco,MX,16 Oct 2019 02:15:00,16.86,-99.88,29.0,83,90,3.6
Bosaso,SO,16 Oct 2019 02:15:00,11.28,49.18,27.65,78,0,5.887
Christchurch,NZ,16 Oct 2019 02:15:00,-43.53,172.64,15.56,71,53,3.1
Nemuro,JP,16 Oct 2019 02:15:01,43.32,145.57,13.0,43,75,5.7
Kutum,SD,16 Oct 2019 02:15:01,14.2,24.66,22.25,73,100,1.623
Eenhana,NA,16 Oct 2019 02:15:01,-17.48,16.34,22.15,37,3,2.72
Ust-Koksa,RU,16 Oct 2019 02:15:02,50.27,85.62,-1.25,82,99,6.159
Bubaque,GW,16 Oct 2019 02:15:02,11.28,-15.83,27.85,77,100,3.388
Dikson,RU,16 Oct 2019 02:15:03,73.51,80.55,-1.85,86,100,7.718
Bathsheba,BB,16 Oct 2019 02:15:03,13.22,-59.52,28.0,74,20,6.2
Quatre Cocos,MU,16 Oct 2019 02:15:03,-20.21,57.76,22.0,83,40,2.1
Kununurra,AU,16 Oct 2019 02:15:03,-15.77,128.74,37.0,14,0,4.1
Damphu,BT,16 Oct 2019 02:15:04,27.07,90.11,22.15,37,0,0.849
Provost,CA,16 Oct 2019 02:15:04,52.35,-110.26,4.05,63,100,8.118
Den Helder,NL,16 Oct 2019 02:15:04,52.96,4.76,13.0,93,90,4.1
Chiredzi,ZW,16 Oct 2019 02:15:05,-21.05,31.67,21.05,66,95,4.765
Upernavik,GL,16 Oct 2019 02:15:05,72.79,-56.15,-2.95,95,98,4.8
Isangel,VU,16 Oct 2019 02:15:07,-19.55,169.27,26.0,54,24,7.2
Khatanga,RU,16 Oct 2019 02:15:08,71.98,102.47,-10.85,94,100,5.302
Manokwari,ID,16 Oct 2019 02:15:09,-0.87,134.08,25.45,82,56,1.558
Yerbogachen,RU,16 Oct 2019 02:15:09,61.28,108.01,4.05,91,76,4.14
Vardo,US,16 Oct 2019 02:15:09,39.62,-77.74,16.0,71,1,2.196
Yulara,AU,16 Oct 2019 02:15:10,-25.24,130.99,27.0,26,33,6.2
Kapit,MY,16 Oct 2019 02:15:10,2.02,112.94,27.65,88,37,0.301
Manta,RO,16 Oct 2019 02:15:10,45.1,24.1,10.65,71,92,0.85
Manaure,CO,16 Oct 2019 02:15:11,11.78,-72.45,28.45,82,11,8.956
Tara,JP,16 Oct 2019 02:15:11,33.0,130.15,23.89,43,0,8.2
Husavik,CA,16 Oct 2019 02:15:11,50.56,-96.99,3.33,98,94,2.68
Airai,TL,16 Oct 2019 02:15:12,-8.93,125.41,29.65,30,8,3.875
Salalah,OM,16 Oct 2019 02:15:12,17.01,54.1,26.0,69,0,1.0
Lander,US,16 Oct 2019 02:15:12,42.83,-108.73,9.0,42,1,0.988
Ridgetown,CA,16 Oct 2019 02:15:12,42.44,-81.88,16.11,72,90,4.6
Leibnitz,AT,16 Oct 2019 02:15:13,46.78,15.54,14.44,93,40,0.5
Goundam,ML,16 Oct 2019 02:15:13,16.42,-3.66,31.35,21,28,4.349
Yar-Sale,RU,16 Oct 2019 02:15:13,66.83,70.83,-2.85,74,99,10.263
Nueve de Julio,AR,16 Oct 2019 02:15:14,-31.67,-68.39,12.55,48,0,2.915
Shache,CN,16 Oct 2019 02:15:14,38.42,77.24,11.67,81,0,2.576
Springbok,ZA,16 Oct 2019 02:15:14,-29.67,17.88,19.15,15,0,3.264
Pisco,PE,16 Oct 2019 02:15:14,-13.71,-76.2,18.33,88,0,2.6
Narsaq,GL,16 Oct 2019 02:15:15,60.91,-46.05,-2.0,58,0,2.1
East London,ZA,16 Oct 2019 02:15:15,-33.02,27.91,17.15,78,0,3.848
Kelvington,CA,16 Oct 2019 02:15:15,52.16,-103.52,1.55,73,100,1.766
Faanui,PF,16 Oct 2019 02:15:16,-16.48,-151.75,26.55,76,44,4.35
West Wendover,US,16 Oct 2019 02:15:16,40.74,-114.07,13.0,26,1,0.857
Stokmarknes,NO,16 Oct 2019 02:15:16,68.56,14.91,1.11,88,100,3.13
Broome,GB,16 Oct 2019 02:15:17,52.47,1.45,10.56,100,47,2.1
Aborlan,PH,16 Oct 2019 02:15:17,9.44,118.55,29.0,74,75,1.0
Aklavik,CA,16 Oct 2019 02:15:17,68.22,-135.01,-6.0,85,90,4.6
Okhotsk,RU,16 Oct 2019 02:15:17,59.36,143.24,-4.05,49,3,8.64
Calabozo,VE,16 Oct 2019 02:15:18,8.92,-67.43,23.85,93,100,1.283
Muscat,OM,16 Oct 2019 02:15:18,23.6,58.55,25.0,83,0,1.0
Ishurdi,BD,16 Oct 2019 02:15:18,24.13,89.07,28.35,71,0,1.68
Mount Isa,AU,16 Oct 2019 02:15:18,-20.73,139.49,41.0,11,64,6.2
Boyuibe,BO,16 Oct 2019 02:15:19,-20.43,-63.28,11.45,72,73,1.747
Lata,IN,16 Oct 2019 02:15:19,30.78,78.62,3.35,48,0,1.398
Maxixe,MZ,16 Oct 2019 02:15:19,-23.86,35.35,22.45,72,57,6.636
Nguru,NG,16 Oct 2019 02:15:20,12.88,10.45,27.15,64,66,5.246
Kalabo,ZM,16 Oct 2019 02:15:20,-15.0,22.67,20.55,26,34,2.925
Kholodnyy,RU,16 Oct 2019 02:15:20,62.72,147.95,-11.85,87,2,2.467
Guerrero Negro,MX,16 Oct 2019 02:15:21,27.97,-114.04,20.05,73,17,5.458
Cayenne,GF,16 Oct 2019 02:15:22,4.94,-52.33,24.0,94,42,2.622
Taganak,PH,16 Oct 2019 02:15:22,6.08,118.3,31.0,70,75,1.0
Havre-Saint-Pierre,CA,16 Oct 2019 02:15:23,50.23,-63.6,4.0,93,20,3.1
Rome,IT,16 Oct 2019 02:15:23,41.89,12.48,18.0,87,74,2.6
Forestville,CA,16 Oct 2019 02:15:23,48.74,-69.09,7.0,65,75,3.6
Borba,BR,16 Oct 2019 02:15:24,-4.39,-59.59,22.05,97,0,0.48
Ngunguru,NZ,16 Oct 2019 02:15:24,-35.62,174.5,17.22,73,10,7.15
Maua,KE,16 Oct 2019 02:15:25,0.23,37.94,21.55,69,87,0.923
Belmonte,PT,16 Oct 2019 02:15:25,40.36,-7.35,11.67,80,76,0.45
The Pas,CA,16 Oct 2019 02:15:25,53.82,-101.24,0.0,79,40,1.94
Alice Springs,AU,16 Oct 2019 02:15:25,-23.7,133.88,33.0,14,79,2.6
Tromso,NO,16 Oct 2019 02:15:26,69.65,18.96,-2.0,92,40,3.6
Kalmunai,LK,16 Oct 2019 02:15:26,7.42,81.82,27.45,75,100,3.059
Tuy Hoa,VN,16 Oct 2019 02:15:26,13.08,109.3,28.15,76,100,5.827
Pandrup,DK,16 Oct 2019 02:15:26,57.21,9.68,12.22,97,100,0.852
Granada,NI,16 Oct 2019 02:15:27,11.93,-85.96,25.0,88,40,0.827
Boma,GH,16 Oct 2019 02:15:27,7.08,-2.17,21.05,99,100,0.872
La Palma,CO,16 Oct 2019 02:15:27,5.36,-74.39,20.25,98,100,1.113
Hovd,NO,16 Oct 2019 02:15:27,63.83,10.7,5.0,76,0,5.7
Qasigiannguit,GL,16 Oct 2019 02:15:28,68.82,-51.19,-5.0,38,77,2.6
Shingu,JP,16 Oct 2019 02:15:28,33.72,135.99,22.0,49,20,3.1
Katobu,ID,16 Oct 2019 02:15:28,-4.94,122.53,34.35,40,68,2.277
Pamanukan,ID,16 Oct 2019 02:15:29,-6.28,107.82,35.75,34,90,2.424
Lorengau,PG,16 Oct 2019 02:15:29,-2.02,147.27,29.15,68,23,2.97
Saldanha,PT,16 Oct 2019 02:15:29,41.42,-6.55,10.15,82,72,4.264
Pogar,RU,16 Oct 2019 02:15:30,52.55,33.26,8.55,94,0,3.183
Morondava,MG,16 Oct 2019 02:15:30,-20.3,44.28,20.95,85,0,1.119
Bainbridge,US,16 Oct 2019 02:15:30,30.9,-84.58,24.0,100,90,3.6
Jalu,LY,16 Oct 2019 02:15:30,29.03,21.55,23.05,39,46,3.764
Ahipara,NZ,16 Oct 2019 02:15:31,-35.17,173.16,19.44,86,35,12.408
Axim,GH,16 Oct 2019 02:15:31,4.87,-2.24,23.25,97,74,1.396
Almaznyy,RU,16 Oct 2019 02:15:31,48.03,40.04,6.0,93,0,1.0
Richards Bay,ZA,16 Oct 2019 02:15:32,-28.77,32.06,20.05,84,36,2.291
Inhambane,MZ,16 Oct 2019 02:15:33,-23.87,35.38,22.45,72,57,6.636
Nikolsk,RU,16 Oct 2019 02:15:33,59.53,45.45,-1.25,95,0,2.197
Tessalit,ML,16 Oct 2019 02:15:33,20.2,1.01,28.45,17,0,5.87
Hamilton,CA,16 Oct 2019 02:15:34,43.26,-79.87,13.33,76,75,6.7
Saint George,GR,16 Oct 2019 02:15:34,39.45,22.34,14.0,82,0,1.5
Presidencia Roque Saenz Pena,AR,16 Oct 2019 02:15:34,-26.79,-60.44,12.65,87,100,3.51
Montana,BG,16 Oct 2019 02:15:34,43.41,23.22,11.67,78,0,1.115
Ostrovnoy,RU,16 Oct 2019 02:15:35,68.05,39.51,-1.75,89,84,3.074
Le Port,FR,16 Oct 2019 02:15:35,42.87,1.37,7.78,86,60,1.34
Coxim,BR,16 Oct 2019 02:15:35,-18.5,-54.75,25.95,66,78,2.076
Gigmoto,PH,16 Oct 2019 02:15:36,13.78,124.39,28.15,78,37,7.022
San Rafael,AR,16 Oct 2019 02:15:36,-34.61,-68.33,7.85,72,0,2.992
Eyl,SO,16 Oct 2019 02:15:36,7.98,49.82,26.85,78,35,5.035
Kahului,US,16 Oct 2019 02:15:37,20.89,-156.47,29.0,62,40,10.3
Waitati,NZ,16 Oct 2019 02:15:37,-45.75,170.57,12.78,74,100,6.71
Zhigansk,RU,16 Oct 2019 02:15:37,66.77,123.37,-3.85,91,100,10.424
Mahebourg,MU,16 Oct 2019 02:15:38,-20.41,57.7,22.0,83,40,2.1
Clyde River,CA,16 Oct 2019 02:15:38,70.47,-68.59,-4.0,85,90,2.1
Comodoro Rivadavia,AR,16 Oct 2019 02:15:39,-45.87,-67.48,9.95,75,100,6.484
Xuddur,SO,16 Oct 2019 02:15:39,4.12,43.89,22.75,83,92,2.342
Balsas,BR,16 Oct 2019 02:15:39,-7.53,-46.04,25.05,71,30,1.92
Mapastepec,MX,16 Oct 2019 02:15:39,15.44,-92.9,22.25,95,100,2.242
Siverek,TR,16 Oct 2019 02:15:40,37.75,39.32,20.0,32,0,3.1
Albanel,CA,16 Oct 2019 02:15:40,48.88,-72.44,7.78,89,20,5.7
Mvuma,ZW,16 Oct 2019 02:15:40,-19.28,30.53,14.95,86,20,4.09
Kajaani,FI,16 Oct 2019 02:15:41,64.22,27.73,1.0,86,90,2.1
Basco,US,16 Oct 2019 02:15:41,40.33,-91.2,11.67,53,1,7.2
Tezu,IN,16 Oct 2019 02:15:41,27.93,96.16,26.05,51,0,1.18
Timbuktu,ML,16 Oct 2019 02:15:42,16.77,-3.01,32.25,18,68,5.003
Edd,ER,16 Oct 2019 02:15:42,13.93,41.69,28.55,55,100,0.003
Sembakung,ID,16 Oct 2019 02:15:42,3.82,117.25,25.0,88,75,4.1
El Higo,MX,16 Oct 2019 02:15:43,21.77,-98.45,24.15,93,0,2.672
Barra do Garcas,BR,16 Oct 2019 02:15:43,-15.89,-52.26,24.65,31,32,0.87
Ozernovskiy,RU,16 Oct 2019 02:15:44,51.5,156.52,4.15,82,100,11.582
Nouadhibou,MR,16 Oct 2019 02:15:44,20.93,-17.03,25.0,73,100,5.7
Tuatapere,NZ,16 Oct 2019 02:15:44,-46.13,167.69,14.44,74,71,0.89
Mazagao,BR,16 Oct 2019 02:15:44,-0.12,-51.29,28.0,88,40,4.1
Kaeo,NZ,16 Oct 2019 02:15:45,-35.1,173.78,19.44,86,0,7.151
Northam,AU,16 Oct 2019 02:15:45,-31.65,116.67,18.0,39,40,3.6
Pizarro,CO,16 Oct 2019 02:15:46,4.95,-77.37,25.45,83,100,1.229
Sigli,ID,16 Oct 2019 02:15:46,5.38,95.96,27.35,75,92,0.505
Long Beach,US,16 Oct 2019 02:15:46,30.35,-89.15,23.33,88,90,2.6
Havre,US,16 Oct 2019 02:15:46,48.55,-109.68,6.67,70,1,3.1
Yumen,CN,16 Oct 2019 02:15:47,40.29,97.04,12.35,33,59,7.458
Paredon,BO,16 Oct 2019 02:15:47,-18.93,-65.16,14.0,71,81,5.7
Algiers,US,16 Oct 2019 02:15:47,29.94,-90.04,27.22,78,1,2.1
Hofn,IS,16 Oct 2019 02:15:48,64.25,-15.21,9.55,85,100,14.742
College,US,16 Oct 2019 02:15:49,64.86,-147.8,1.0,40,75,3.1
Itarema,BR,16 Oct 2019 02:15:49,-2.92,-39.92,25.05,83,12,4.648
Bonavista,CA,16 Oct 2019 02:15:49,48.65,-53.11,8.33,84,100,1.34
Saint-Francois,FR,16 Oct 2019 02:15:49,46.42,3.91,11.0,76,8,2.1
Meadow Lake,CA,16 Oct 2019 02:15:50,54.13,-108.44,1.15,77,100,4.648
Kapfenberg,AT,16 Oct 2019 02:15:50,47.44,15.29,11.11,93,40,0.5
Bowen,AU,16 Oct 2019 02:15:50,-20.01,148.25,29.0,48,40,6.2
Pacific Grove,US,16 Oct 2019 02:15:50,36.62,-121.92,18.33,82,20,2.1
Killybegs,IE,16 Oct 2019 02:15:51,54.63,-8.45,6.11,93,31,0.89
Bucerias,MX,16 Oct 2019 02:15:51,20.76,-105.33,30.0,74,75,1.5
Celestun,MX,16 Oct 2019 02:15:52,20.87,-90.4,28.55,77,9,9.378
Sibolga,ID,16 Oct 2019 02:15:52,1.74,98.78,29.25,65,3,1.08
Belyy Yar,RU,16 Oct 2019 02:15:52,53.6,91.39,9.0,66,100,3.0
Bonfim,GY,16 Oct 2019 02:15:53,3.36,-59.84,26.25,77,69,1.689
Sur,OM,16 Oct 2019 02:15:53,22.57,59.53,26.55,55,0,1.648
Klaksvik,FO,16 Oct 2019 02:15:53,62.23,-6.59,10.0,71,100,10.8
Waingapu,ID,16 Oct 2019 02:15:54,-9.65,120.26,26.45,69,67,3.589
Sola,TZ,16 Oct 2019 02:15:54,-3.17,33.8,20.55,54,85,3.292
Yingcheng,CN,16 Oct 2019 02:15:55,30.93,113.57,13.0,87,20,4.0
Vestmannaeyjar,IS,16 Oct 2019 02:15:55,63.44,-20.27,8.85,92,100,8.856
Harpenden,GB,16 Oct 2019 02:15:55,51.82,-0.35,12.78,93,40,4.1
Bambanglipuro,ID,16 Oct 2019 02:15:56,-7.95,110.28,29.45,54,64,6.239
Kasulu,TZ,16 Oct 2019 02:15:56,-4.57,30.11,20.45,65,100,0.892
Stephenville,CA,16 Oct 2019 02:15:56,48.55,-58.59,11.0,87,90,4.1
Coquimbo,CL,16 Oct 2019 02:15:57,-29.95,-71.34,12.0,93,0,3.1
Namie,JP,16 Oct 2019 02:15:57,37.52,140.86,19.44,62,20,2.1
Ust-Maya,RU,16 Oct 2019 02:15:57,60.42,134.54,-4.95,79,89,2.384
Hobyo,SO,16 Oct 2019 02:15:57,5.35,48.53,25.95,80,1,1.815
Lewisporte,CA,16 Oct 2019 02:15:58,49.25,-55.06,8.0,81,90,6.2
Linxia,CN,16 Oct 2019 02:15:58,35.6,103.21,5.65,60,22,2.44
Deoli,IN,16 Oct 2019 02:15:59,25.76,75.37,27.05,41,0,1.275
Arroyo,BO,16 Oct 2019 02:15:59,-11.08,-66.08,23.15,94,100,0.991
Jamsa,FI,16 Oct 2019 02:15:59,61.86,25.19,3.33,100,90,2.6
Turbat,PK,16 Oct 2019 02:16:00,26.0,63.05,27.35,19,0,3.801
La Libertad,PE,16 Oct 2019 02:16:00,-16.38,-71.56,14.0,26,67,1.5
Half Moon Bay,US,16 Oct 2019 02:16:01,37.46,-122.43,25.0,87,75,3.6
Fairbanks,US,16 Oct 2019 02:16:01,64.84,-147.72,1.0,40,75,3.1
Nuuk,GL,16 Oct 2019 02:07:59,64.17,-51.74,0.0,47,15,7.2
Deputatskiy,RU,16 Oct 2019 02:16:01,69.3,139.9,-13.45,91,4,1.568
Jasper,US,16 Oct 2019 02:16:02,33.83,-87.28,20.56,100,90,0.978
Yeppoon,AU,16 Oct 2019 02:16:02,-23.13,150.74,29.0,48,40,4.6
Sangar,RU,16 Oct 2019 02:16:02,63.92,127.47,-6.05,78,58,2.189
Nanortalik,GL,16 Oct 2019 02:16:03,60.14,-45.24,3.65,61,0,1.181
Jian,IN,16 Oct 2019 02:16:03,25.65,87.89,27.25,77,0,1.855
Tual,ID,16 Oct 2019 02:16:03,-5.67,132.75,27.75,76,32,1.357
Umm Kaddadah,SD,16 Oct 2019 02:16:03,13.6,26.69,28.25,57,100,1.623
Kavaratti,IN,16 Oct 2019 02:16:04,10.57,72.64,28.35,69,100,1.941
Plastun,RU,16 Oct 2019 02:16:04,44.76,136.29,9.35,39,96,4.709
Pedernales,EC,16 Oct 2019 02:16:05,0.07,-80.05,21.95,86,96,1.659
Varca,IN,16 Oct 2019 02:16:05,15.22,73.92,26.0,94,40,2.1
Vostok,RU,16 Oct 2019 02:16:05,46.45,135.83,1.85,52,0,6.476
Jingdezhen,CN,16 Oct 2019 02:16:06,29.29,117.2,22.05,37,71,1.999
Carmelo,UY,16 Oct 2019 02:16:06,-34.0,-58.28,14.0,87,90,6.2
Kanungu,UG,16 Oct 2019 02:16:07,-0.9,29.78,15.45,82,100,0.643
Labuhan,ID,16 Oct 2019 02:16:07,-2.54,115.51,34.85,48,43,0.441
Redwater,CA,16 Oct 2019 02:16:07,53.95,-113.11,5.0,72,75,5.7
Taree,AU,16 Oct 2019 02:16:08,-31.91,152.46,29.44,69,0,6.2
Likasi,CD,16 Oct 2019 02:16:08,-10.99,26.74,18.05,66,8,2.708
Kenai,US,16 Oct 2019 02:16:08,60.55,-151.26,4.0,51,90,3.1
Tupelo,US,16 Oct 2019 02:16:08,34.26,-88.7,20.0,88,90,2.1
Atar,MR,16 Oct 2019 02:16:09,20.52,-13.05,28.75,40,63,6.687
Langwedel,DE,16 Oct 2019 02:16:09,52.98,9.19,14.44,100,75,5.1
Sinnamary,GF,16 Oct 2019 02:16:09,5.38,-52.96,27.75,78,64,7.046
Sumbe,AO,16 Oct 2019 02:16:10,-11.2,13.84,23.25,90,100,1.398
Hienghene,NC,16 Oct 2019 02:16:10,-20.68,164.93,21.85,63,0,3.075
Vao,EE,16 Oct 2019 02:16:10,59.1,26.19,5.25,88,91,5.216
San Quintin,PH,16 Oct 2019 02:16:11,17.54,120.52,30.75,57,0,1.594
Nhulunbuy,AU,16 Oct 2019 02:16:11,-12.18,136.78,29.0,58,40,5.7
Cairns,AU,16 Oct 2019 02:15:28,-16.92,145.77,34.44,65,29,4.1
Fortuna,US,16 Oct 2019 02:16:12,40.6,-124.16,12.22,93,1,2.6
Zalegoshch,RU,16 Oct 2019 02:16:12,52.9,36.89,5.65,90,0,3.538
Bonthe,SL,16 Oct 2019 02:16:12,7.53,-12.5,25.05,91,92,1.879
Port Lincoln,AU,16 Oct 2019 02:16:12,-34.72,135.86,17.05,53,0,8.707
Sept-Iles,CA,16 Oct 2019 02:16:13,50.2,-66.38,6.67,86,5,7.365
Ocos,GT,16 Oct 2019 02:16:13,14.51,-92.19,24.0,100,90,4.1
Balakhta,RU,16 Oct 2019 02:16:13,55.38,91.62,9.05,69,100,5.935
San Cristobal,HN,16 Oct 2019 02:16:13,14.68,-86.92,19.25,96,100,0.756
Dunedin,NZ,16 Oct 2019 02:16:14,-45.87,170.5,12.22,74,100,7.15
Bodden Town,KY,16 Oct 2019 02:16:14,19.28,-81.25,29.0,83,20,2.1
Praia,BR,16 Oct 2019 02:16:14,-20.25,-43.81,24.0,43,0,3.6
Mumford,GH,16 Oct 2019 02:16:15,5.26,-0.76,22.45,98,46,1.531
Baruun-Urt,MN,16 Oct 2019 02:16:15,46.68,113.28,7.85,16,0,6.117
Baglan,GB,16 Oct 2019 02:16:16,51.62,-3.81,14.44,100,100,5.7
Geraldton,CA,16 Oct 2019 02:16:16,49.72,-86.95,6.0,81,90,1.5
Aksarka,RU,16 Oct 2019 02:16:16,66.56,67.8,-3.75,71,100,10.403
Hervey Bay,AU,16 Oct 2019 02:16:17,-25.3,152.85,26.67,61,90,8.2
Buchanan,LR,16 Oct 2019 02:16:17,5.88,-10.05,23.25,96,37,0.894
Santiago,PH,16 Oct 2019 02:16:17,16.69,121.54,26.05,79,57,1.886
Kudahuvadhoo,MV,16 Oct 2019 02:16:17,2.67,72.89,28.05,68,98,1.796
Oskarshamn,SE,16 Oct 2019 02:16:18,57.26,16.44,10.56,100,90,2.1
Atikokan,CA,16 Oct 2019 02:16:18,48.76,-91.62,0.65,94,17,2.707
Freeport,BS,16 Oct 2019 02:16:18,26.54,-78.7,26.05,70,67,3.587
Fethiye,TR,16 Oct 2019 02:16:19,36.62,29.12,19.0,82,75,3.6
Warmbad,DE,16 Oct 2019 02:16:19,50.67,13.08,15.56,82,83,3.1
Saint-Joseph,FR,16 Oct 2019 02:16:19,43.56,6.97,16.67,51,0,4.6
Katherine,AU,16 Oct 2019 02:16:20,-14.47,132.26,35.0,24,12,2.1
Talnakh,RU,16 Oct 2019 02:16:20,69.49,88.39,-8.0,92,75,10.0
Macapa,BR,16 Oct 2019 02:16:20,0.05,-51.07,28.0,88,40,4.1
Pulandian,CN,16 Oct 2019 02:16:21,39.4,121.96,19.44,42,73,4.0
Williston,US,16 Oct 2019 02:16:21,48.15,-103.62,2.78,74,1,2.6
Tayshet,RU,16 Oct 2019 02:16:21,55.94,98.01,8.25,62,0,2.678
Qaqortoq,GL,16 Oct 2019 02:16:21,60.72,-46.03,-2.0,58,0,2.1
Carmichael,GB,16 Oct 2019 02:16:22,55.63,-3.71,11.11,93,20,2.6
Banda Aceh,ID,16 Oct 2019 02:16:22,5.56,95.32,29.65,68,30,0.401
Esna,RO,16 Oct 2019 02:16:22,45.2,27.57,11.25,91,43,1.636
Jiangyou,CN,16 Oct 2019 02:16:23,31.78,104.73,15.35,78,90,1.155
Kawalu,ID,16 Oct 2019 02:16:23,-7.38,108.21,24.85,72,99,2.883
Poquoson,US,16 Oct 2019 02:16:24,37.12,-76.35,19.0,87,1,1.5
Nakama,JP,16 Oct 2019 02:16:24,33.82,130.71,26.67,45,20,2.6
Ayan,IR,16 Oct 2019 02:16:25,38.23,44.7,3.95,53,0,0.558
Kapuskasing,CA,16 Oct 2019 02:16:25,49.42,-82.43,6.0,87,75,1.0
Hirado,JP,16 Oct 2019 02:16:25,33.32,129.49,22.22,56,33,6.2
Sao Joao da Barra,BR,16 Oct 2019 02:16:25,-21.64,-41.05,23.75,84,71,5.153
Doha,QA,16 Oct 2019 02:16:26,25.29,51.53,29.0,79,0,3.1
Kologriv,RU,16 Oct 2019 02:16:26,58.83,44.31,0.25,95,96,2.076
Surt,LY,16 Oct 2019 02:16:26,31.21,16.59,21.75,81,33,3.907
Nazarovo,RU,16 Oct 2019 02:16:27,56.01,90.42,9.25,65,88,6.373
Mponela,MW,16 Oct 2019 02:16:27,-13.53,33.74,18.15,71,0,3.259
Kharabali,RU,16 Oct 2019 02:16:27,47.41,47.25,11.75,73,0,1.707
Oranjemund,ZA,16 Oct 2019 02:16:28,-28.55,16.43,13.55,85,0,1.925
Baykit,RU,16 Oct 2019 02:16:28,61.68,96.39,4.85,97,100,2.088
Mayya,RU,16 Oct 2019 02:16:28,61.74,130.28,-3.0,79,75,1.0
Neiafu,TO,16 Oct 2019 02:16:29,-18.65,-173.98,28.0,83,40,3.1
Chapais,CA,16 Oct 2019 02:16:29,49.78,-74.86,2.0,100,90,2.1
Puerto Carreno,CO,16 Oct 2019 02:16:29,6.19,-67.49,26.0,94,75,3.226
Westport,US,16 Oct 2019 02:16:29,41.14,-73.36,14.44,62,1,2.6
Kautokeino,NO,16 Oct 2019 02:16:30,69.01,23.04,-7.85,80,0,0.8
Ganta,LR,16 Oct 2019 02:16:30,7.31,-8.54,20.75,99,96,0.916
Fort Nelson,CA,16 Oct 2019 02:16:31,58.81,-122.69,2.0,93,90,3.1
Kyrylivka,UA,16 Oct 2019 02:16:31,47.65,37.3,12.15,69,0,2.875
Oktyabrskoye,RU,16 Oct 2019 02:16:31,56.73,85.44,7.78,93,20,7.0
Hohhot,CN,16 Oct 2019 02:16:31,40.81,111.65,10.0,53,40,1.0
Byron Bay,AU,16 Oct 2019 02:16:32,-28.65,153.62,32.22,65,0,9.8
Killarney,AU,16 Oct 2019 02:16:32,-28.34,152.3,26.67,40,0,0.89
Grindavik,IS,16 Oct 2019 02:16:32,63.84,-22.43,10.0,87,90,9.8
Lazaro Cardenas,MX,16 Oct 2019 02:16:33,28.39,-105.62,18.89,93,40,4.545
Tura,RU,16 Oct 2019 02:16:33,64.27,100.22,3.65,94,100,4.21
Sao Miguel do Araguaia,BR,16 Oct 2019 02:16:33,-13.28,-50.16,26.95,33,38,0.758
Taunggyi,MM,16 Oct 2019 02:16:33,20.78,97.03,25.25,69,43,0.796
Ivanteyevka,RU,16 Oct 2019 02:16:34,55.97,37.92,2.0,69,17,3.0
Zhangye,CN,16 Oct 2019 02:16:34,38.94,100.46,13.55,27,62,1.554
Zurrieq,MT,16 Oct 2019 02:16:34,35.83,14.47,20.0,82,20,2.1
Selenginsk,RU,16 Oct 2019 02:16:34,52.01,106.87,1.0,55,75,1.0
Qingyuan,CN,16 Oct 2019 02:16:35,27.62,119.06,22.15,47,0,0.662
Coihaique,CL,16 Oct 2019 02:16:35,-45.58,-72.07,10.0,61,100,1.5
Kamaishi,JP,16 Oct 2019 02:16:36,39.28,141.86,14.0,58,20,0.5
Ocampo,MX,16 Oct 2019 02:16:36,27.32,-102.4,20.65,79,32,1.19
Khor,RU,16 Oct 2019 02:16:36,47.88,134.96,5.85,49,0,7.076
Merauke,ID,16 Oct 2019 02:16:36,-8.49,140.4,33.85,43,0,4.136
Paka,CF,16 Oct 2019 02:16:37,4.15,15.03,19.05,99,88,0.983
Yauya,PE,16 Oct 2019 02:16:37,-8.99,-77.29,5.85,89,57,2.341
Ubatuba,BR,16 Oct 2019 02:16:37,-23.43,-45.08,22.0,73,90,2.6
Point Fortin,TT,16 Oct 2019 02:16:37,10.16,-61.68,27.0,78,20,5.058
Dayong,CN,16 Oct 2019 02:16:38,25.02,118.29,25.0,50,40,7.0
Jaumave,MX,16 Oct 2019 02:16:38,23.41,-99.38,27.0,57,5,2.6
Aktau,KZ,16 Oct 2019 02:16:38,43.65,51.16,6.0,93,0,3.0
Birao,CF,16 Oct 2019 02:16:39,10.3,22.78,21.85,95,100,5.842
Ochakiv,UA,16 Oct 2019 02:16:39,46.61,31.55,11.0,100,0,2.0
Manono,CD,16 Oct 2019 02:16:39,-7.3,27.4,21.15,90,99,1.697
Hami,CN,16 Oct 2019 02:16:39,42.84,93.51,13.15,40,100,2.97
Vanimo,PG,16 Oct 2019 02:16:40,-2.67,141.3,28.85,67,90,2.217
Bay Saint Louis,US,16 Oct 2019 02:16:40,30.31,-89.33,23.33,100,90,2.058
Port-Cartier,CA,16 Oct 2019 02:16:41,50.03,-66.88,6.11,86,5,2.508
Rambha,IN,16 Oct 2019 02:16:41,19.52,85.09,26.95,74,69,2.273
Cabedelo,BR,16 Oct 2019 02:16:41,-6.97,-34.84,23.0,94,20,3.1
Mundo Nuevo,CL,16 Oct 2019 02:16:41,-32.72,-71.41,12.0,76,23,2.588
Gat,SN,16 Oct 2019 02:16:42,14.69,-16.54,24.0,88,40,6.2
Santa Ana,MX,16 Oct 2019 02:16:42,30.54,-111.12,26.11,79,0,1.251
Vila do Maio,CV,16 Oct 2019 02:16:42,15.13,-23.22,25.0,88,40,0.5
Padang,ID,16 Oct 2019 02:16:43,-0.92,100.36,26.15,71,9,1.16
Ordu,TR,16 Oct 2019 02:16:43,40.98,37.88,18.0,82,40,3.1
Portland,US,16 Oct 2019 02:16:43,43.66,-70.25,8.33,75,1,4.503
Gaoual,GN,16 Oct 2019 02:16:44,11.75,-13.2,21.65,96,89,1.121
Manaus,BR,16 Oct 2019 02:16:44,-3.13,-59.98,24.0,88,75,1.5
Champerico,MX,16 Oct 2019 02:16:44,16.38,-93.6,23.0,88,75,4.6
Te Anau,NZ,16 Oct 2019 02:16:44,-45.41,167.72,11.65,76,22,1.949
Saint Anthony,US,16 Oct 2019 02:16:45,43.97,-111.68,10.0,49,1,2.119
Rio Cuarto,AR,16 Oct 2019 02:16:45,-33.13,-64.35,8.0,100,90,2.689
Oshawa,CA,16 Oct 2019 02:16:45,43.92,-78.86,13.0,76,90,4.1
Jarvakandi,EE,16 Oct 2019 02:16:45,58.78,24.83,6.11,87,90,4.1
Harper,US,16 Oct 2019 02:16:46,30.3,-99.24,24.0,83,40,4.343
Cilegon,ID,16 Oct 2019 02:16:46,-6.02,106.05,31.0,55,20,2.1
Avera,US,16 Oct 2019 02:16:46,33.19,-82.53,19.44,96,90,2.6
Davenda,RU,16 Oct 2019 02:16:47,53.56,119.32,5.35,61,0,1.336
Bandarbeyla,SO,16 Oct 2019 02:16:47,9.49,50.81,27.45,75,90,4.814
Puerto Narino,CO,16 Oct 2019 02:16:47,-3.77,-70.38,24.0,100,22,1.0
Khandyga,RU,16 Oct 2019 02:16:47,62.65,135.58,-7.15,77,44,1.142
Kidal,ML,16 Oct 2019 02:16:48,18.44,1.41,27.85,15,12,1.902
The Valley,AI,16 Oct 2019 02:16:48,18.22,-63.06,28.0,83,20,1.5
Nanchang,CN,16 Oct 2019 02:16:48,28.68,115.89,22.05,42,75,5.506
Azare,NG,16 Oct 2019 02:16:48,11.67,10.19,23.45,80,100,5.023
Thiruvananthapuram,IN,16 Oct 2019 02:16:49,8.48,76.92,27.0,88,75,1.5
Lubango,AO,16 Oct 2019 02:16:49,-14.92,13.49,16.35,72,85,1.3
Sawakin,SD,16 Oct 2019 02:16:49,19.1,37.33,29.45,67,0,0.957
Coffs Harbour,AU,16 Oct 2019 02:16:50,-30.3,153.13,31.67,69,0,10.3
Pushkinskiye Gory,RU,16 Oct 2019 02:16:50,57.02,28.91,7.25,91,100,4.054
Seymchan,RU,16 Oct 2019 02:16:50,62.93,152.39,-5.25,83,100,5.34
Kalat,PK,16 Oct 2019 02:16:50,29.03,66.58,14.95,27,0,0.844
Okato,NZ,16 Oct 2019 02:16:51,-39.19,173.88,16.67,63,0,4.92
Los Llanos de Aridane,ES,16 Oct 2019 02:16:51,28.66,-17.92,21.0,73,90,3.6
Lewistown,US,16 Oct 2019 02:16:51,40.39,-90.15,12.78,61,1,6.2
Kijang,KR,16 Oct 2019 02:16:51,35.24,129.21,18.0,55,40,2.6
Duldurga,RU,16 Oct 2019 02:16:52,50.67,113.59,8.75,31,86,1.581
Eitorf,DE,16 Oct 2019 02:16:52,50.77,7.45,12.78,93,20,3.1
Hailar,CN,16 Oct 2019 02:16:52,49.2,119.7,10.45,36,2,4.812
Meulaboh,ID,16 Oct 2019 02:16:52,4.14,96.13,26.95,78,51,0.844
San Vicente,EC,16 Oct 2019 02:16:53,-0.59,-80.41,22.0,88,90,3.1
Chalus,IR,16 Oct 2019 02:16:53,36.66,51.42,14.0,87,0,0.905
Svarstad,NO,16 Oct 2019 02:16:53,59.4,9.97,7.22,100,100,5.7
Dedovichi,RU,16 Oct 2019 02:16:53,57.55,29.95,4.75,86,100,5.146
Requena,ES,16 Oct 2019 02:16:54,39.49,-1.1,15.0,44,63,2.1
High Prairie,CA,16 Oct 2019 02:16:54,55.43,-116.48,3.25,89,100,1.16
Lake Park,US,16 Oct 2019 02:16:54,26.8,-80.07,27.0,73,1,2.1
Pachino,IT,16 Oct 2019 02:16:54,36.72,15.09,18.0,88,88,2.1
Kamennomostskiy,RU,16 Oct 2019 02:16:55,44.29,40.18,12.25,71,0,0.998
Nabire,ID,16 Oct 2019 02:16:55,-3.36,135.5,31.05,57,14,2.527
Morropon,PE,16 Oct 2019 02:16:55,-5.18,-79.97,17.05,72,72,0.5
Tomatlan,MX,16 Oct 2019 02:16:56,19.93,-105.25,23.85,98,86,0.302
Mbekenyera,TZ,16 Oct 2019 02:16:56,-10.0,38.98,21.05,90,12,0.874
Coahuayana,MX,16 Oct 2019 02:16:56,18.62,-100.35,23.65,91,83,0.758
Itoman,JP,16 Oct 2019 02:16:57,26.12,127.67,29.0,74,20,8.7
Xai-Xai,MZ,16 Oct 2019 02:16:57,-25.04,33.64,18.55,91,0,1.937
