zip_code,life_exp,count
0,84.1,0
90001,78.54444444,462
90002,76.32727273,468
90003,76.02,436
90004,82.36666667,392
90005,80.59,394
90006,79.11176471,400
90007,78.59090909,422
90008,77.9,394
90010,81.43333333,393
90011,76.97826087,446
90012,81.8,432
90013,76.66666667,446
90014,78.15,436
90015,78.25555556,430
90016,77.08461538,391
90017,76.96666667,421
90018,77.44615385,398
90019,79.975,391
90020,79.23636364,392
90021,75.6,448
90022,80.875,496
90023,80.20833333,466
90024,79.13333333,384
90025,84.67272727,381
90026,81.84,412
90027,81.53636364,399
90028,80.06,396
90029,79.15882353,394
90031,82.51,443
90032,80.63888889,462
90033,79.15384615,462
90034,80.38461538,384
90035,83.87,388
90036,82.03333333,392
90037,77.8,428
90038,81.18333333,397
90039,81.98888889,413
90040,80.175,500
90041,82.3,428
90042,81.85714286,439
90043,76.57142857,399
90044,77.05,433
90045,81.86666667,384
90046,81.52857143,392
90047,75.71818182,420
90048,80.33333333,391
90049,84.78888889,380
90050,85.4,443
90056,82,389
90057,78.23333333,407
90058,79.525,464
90059,75.68571429,470
90061,76.8375,453
90062,77.9,410
90063,79.25384615,473
90064,83.88181818,382
90065,83.73,428
90066,82.03846154,380
90067,83.3,384
90068,83.93333333,392
90069,81.7,390
90072,81.7,443
90075,84.3,443
90077,86.2,383
90078,80.9,443
90082,81.1,443
90083,87,443
90089,78.1,443
90094,81,443
90201,80.13157895,497
90210,86.75714286,387
90211,84.7,389
90220,77.45714286,468
90221,77.86923077,483
90222,76.91666667,477
90224,77.5,443
90230,83.78333333,382
90232,81.16666667,387
90240,81.7,511
90241,79.54444444,514
90242,79.73333333,511
90245,82.7,377
90247,81.04,446
90248,80,454
90249,79.87142857,437
90250,78.8625,404
90251,79,443
90254,82.35,379
90255,78.55,477
90260,77.84,416
90262,79.08571429,487
90265,84.68333333,91
90266,85.21428571,376
90270,78.43333333,491
90272,83.7,375
90274,84.06,381
90275,84.68888889,401
90277,81.8,389
90278,81.44285714,392
90280,80.67619048,495
90290,83,365
90291,81.475,377
90292,81.38,377
90293,82.43333333,378
90295,81.9,443
90301,78.68888889,388
90302,77.75,396
90303,78.25,416
90304,77.65,391
90305,77.4,412
90308,76.4,443
90401,80.92,373
90402,85.25,375
90403,83.55,376
90404,81,378
90405,83.44,376
90409,81.8,443
90501,80.325,448
90502,82.13333333,454
90503,82.23333333,425
90504,81.91666667,439
90505,83.72857143,421
90508,79.7,443
90601,82.41428571,531
90602,79.8,528
90603,80.03333333,542
90604,80.9125,546
90605,82.28571429,528
90606,79.8,525
90607,82.2,443
90620,81.06666667,540
90621,80.46666667,545
90622,79.3,168
90623,82.875,537
90630,81.21,535
90631,81.3,554
90632,81.4,168
90633,79.1,168
90637,80.2,443
90638,82.5625,549
90639,80.9,549
90640,81.15384615,504
90650,79.91111111,519
90651,85.4,443
90660,80.76363636,517
90662,81.7,443
90670,81.06666667,522
90680,79.525,525
90701,85.4,539
90702,80.6,443
90703,82.57692308,539
90704,79.5,1
90706,78.18125,512
90707,77.7,443
90710,80.24,447
90712,79.325,509
90713,80.08888889,528
90715,78.15,534
90716,80.35,533
90717,80.56,441
90720,82.76666667,524
90721,83,168
90723,78.24444444,502
90731,78.90666667,405
90732,79.825,394
90734,81.3,443
90740,81.96666667,490
90744,78.95333333,451
90745,81.08888889,456
90746,79.81666667,460
90749,81,443
90755,75.73333333,494
90802,75.9,478
90803,81.62,471
90804,77.63636364,493
90805,77.30526316,487
90806,77.34444444,482
90807,78.65,486
90808,80.84,521
90810,79.04,461
90813,76.44,480
90814,81.375,484
90815,81.50909091,510
90832,78.3,443
90846,81.2,506
91001,79.98571429,437
91006,83.22,480
91007,84.26666667,478
91008,80.5,0
91010,80.65,480
91011,83.78,427
91016,82.27,478
91017,76.7,443
91020,81.5,412
91024,83.43333333,462
91030,84.24285714,453
91040,79.6,392
91042,80.06666667,395
91043,82.5,443
91046,82.7,443
91066,82.4,443
91077,83.3,443
91101,82.16666667,446
91103,81.61666667,434
91104,80.91428571,443
91105,81,441
91106,83.18333333,453
91107,83.21,462
91108,85.2,471
91115,82.4,443
91121,81,443
91124,80.2,443
91185,82.5,443
91201,83.2,396
91202,83.7,404
91203,79.775,403
91204,82.08333333,410
91205,81.3,414
91206,84.8,426
91207,83.35,412
91208,87.5,416
91210,79.2,443
91214,82.64,397
91226,80.6,443
91301,81.65,205
91302,82.7,338
91303,81.125,366
91304,81.97272727,354
91306,82.16,369
91307,81.56,347
91311,80.7875,363
91313,80.4,443
91316,81.93333333,376
91319,88.9,46
91320,82.75,62
91321,82.1875,350
91324,82.9875,367
91325,82.10833333,372
91326,84.02,371
91327,86.6,443
91328,82.5,443
91331,80.24615385,382
91334,85.4,443
91335,81.78181818,374
91337,80.5,443
91340,80.76666667,377
91342,79.7826087,376
91343,79.1,375
91344,82.21538462,368
91345,81.2,375
91350,82.35714286,178
91351,80.45,359
91352,79.31111111,389
91353,75.9,443
91354,81.8,130
91355,82.7,170
91356,83.06666667,375
91357,80.1,443
91360,82.07,69
91361,82.8,70
91362,83.71666667,73
91364,82.6,367
91367,82.63333333,361
91376,81.6,443
91377,82.7,137
91381,82.3,205
91383,79.8,443
91384,82.35,51
91387,79.48571429,367
91390,79.83333333,209
91392,78.1,443
91394,79.4,443
91395,80.5,443
91401,79.76666667,382
91402,80.50714286,381
91403,83.5125,378
91405,79.81538462,382
91406,79.9,375
91411,79.05,377
91412,81.8,443
91423,84.275,383
91436,84.96666667,379
91496,79.9,443
91501,82.625,393
91502,81.375,395
91503,82.6,443
91504,81.22,391
91505,80.38,393
91506,79.15,396
91521,80.8,443
91601,79.43,391
91602,80.1,391
91604,80.05714286,388
91605,79.56666667,384
91606,80.02857143,386
91607,79.78333333,387
91615,80.1,443
91701,80.98571429,185
91702,78.55,489
91706,81.02222222,509
91708,80.45,1
91709,82.06428571,348
91710,79.13,304
91711,81.26666667,305
91722,79.38,511
91723,80.13333333,513
91724,80.02,522
91729,80,1
91730,80.05,195
91731,83.53333333,507
91732,80.79,513
91733,80.82727273,513
91734,83,443
91737,81.38,172
91739,80.74,156
91740,80.21428571,501
91741,81.875,494
91744,80.73157895,534
91745,83.83333333,533
91746,80,521
91747,86.2,443
91748,84.83333333,537
91750,80.58571429,454
91752,77.7,197
91754,83.7375,486
91755,86.45,491
91756,81.4,443
91761,79.15,228
91762,79.44666667,276
91763,80.45714286,291
91764,79.275,219
91765,85.01111111,540
91766,78.44,465
91767,79.05,414
91768,80.46666667,507
91769,76.8,443
91770,82.95625,498
91773,80.78333333,513
91775,85.62,472
91776,83.51666667,480
91780,83.675,488
91784,82.2,253
91786,79.54166667,252
91788,81.7,443
91789,83.34615385,548
91790,81.39090909,519
91791,82.0375,523
91792,81.3875,536
91793,79.9,443
91801,83.55454545,476
91803,81.88333333,475
91901,81.3,67
91902,82.15,53
91903,81.8,82
91910,80.46842105,49
91911,81.325,45
91913,80.75,51
91914,81.73333333,58
91915,82.43333333,54
91917,79.9,42
91921,82.2,82
91932,81.46666667,42
91933,75.9,82
91935,80.05,60
91941,81.075,66
91942,79.82857143,67
91943,80.1,82
91945,78.2,65
91950,79.19230769,53
91977,79.63125,62
91978,82.9,66
91979,79.9,82
92003,82.6,64
92004,78.9,5
92007,81.4,79
92008,82.74,63
92009,85.025,81
92010,83.7,0
92011,84.55,0
92014,84.2,81
92018,83.5,82
92019,79.38888889,72
92020,77.84545455,68
92021,76.98,74
92022,71.9,82
92023,82.25,82
92024,82.97777778,77
92025,81.2625,87
92026,81.1,81
92027,79.14,87
92028,80.36,75
92029,80.75,89
92033,76.3,82
92036,77.4,37
92037,84.6875,72
92038,82.3,82
92039,84.8,82
92040,79.075,78
92046,80.9,82
92049,77.6,82
92054,80.9,61
92056,81.67272727,65
92057,79.9,68
92058,80.425,82
92061,79.4,68
92064,81.5,81
92065,80.2125,82
92066,83.1,19
92068,79.8,82
92069,81.54,87
92070,79.1,57
92071,79.91818182,77
92075,82.1,80
92078,82.525,87
92081,81.175,0
92082,82,68
92083,79.46666667,75
92084,78.83333333,71
92088,82,82
92093,86.8,82
92101,76.225,65
92102,79.54285714,64
92103,80.59,65
92104,78.86363636,65
92105,78.76470588,65
92106,80.8,62
92107,80.81428571,63
92108,81.66666667,66
92109,82.6375,69
92110,82.16,66
92111,81.6,71
92112,73.4,82
92113,78.12857143,61
92114,79.30769231,61
92115,78.48333333,66
92116,80.88,66
92117,80.9,72
92118,85.76,47
92119,81.1,67
92120,80.96666667,68
92122,82.88571429,74
92123,79.04,71
92124,81.23333333,73
92126,82.49333333,76
92127,81.92,84
92128,85.22,84
92129,82.625,82
92130,83.53333333,76
92131,83.76666667,76
92132,81.4,46
92139,81.82,53
92142,80.6,82
92147,84.2,82
92149,79.5,82
92154,81.87692308,40
92159,80.5,82
92173,79.83333333,40
92175,82.5,82
92176,80.4,82
92177,81.8,82
92193,84,82
92199,80.6,66
92201,79.09166667,54
92203,80.26666667,55
92210,82.5,55
92211,84.5,56
92220,77.03333333,103
92223,79.28888889,107
92225,75.88571429,4
92227,80.4,8
92230,78.6,91
92231,82.2,4
92234,79.25,67
92236,79.22,49
92240,75.9125,72
92241,80.1,64
92242,75,3
92243,81.85555556,5
92244,76,6
92247,81,0
92248,80.3,0
92249,79.9,5
92250,78.6,4
92251,78.4,8
92252,75.3,36
92253,81.85714286,51
92254,77.8,27
92255,79.4,51
92256,75.45,66
92257,76.7,7
92260,82.41666667,56
92262,77.7125,75
92264,78.82857143,72
92267,74.6,2
92270,81.1,60
92274,80.775,27
92276,80.8,62
92277,75.62,9
92282,75.6,79
92283,70.5,8
92284,74.2,42
92285,74.96666667,11
92301,79.9,10
92307,77.24285714,18
92308,75.6,30
92311,73.96666667,9
92312,69.2,45
92313,77.6,145
92314,79.05,38
92315,78.96666667,40
92316,79.55,148
92320,77.56666667,91
92322,77.8,1
92324,79,144
92325,78.15,117
92327,75.7,9
92329,76.6,1
92334,76.2,1
92335,78.21111111,155
92336,79.2125,150
92337,78.35,170
92341,80.4,72
92344,78.6,0
92345,76.24166667,73
92346,78.375,122
92350,80.2,1
92352,79.75,82
92354,77.75,145
92357,77,1
92359,78.5,94
92363,74,10
92364,74,5
92371,77.975,68
92373,80.125,111
92374,78.3,112
92375,78,1
92376,77.94,144
92377,79.5,142
92378,80.5,1
92382,79.5,81
92386,77.9,38
92392,76.93333333,27
92393,77,1
92394,75.26666667,14
92395,74.7,0
92397,79.4,121
92399,78.0375,88
92404,73.9375,134
92405,76.275,138
92407,77.8,133
92408,76.25,141
92410,74.575,141
92411,76.125,138
92415,75.38,1
92427,75.6,37
92501,77.52,153
92503,78.15714286,201
92504,78.8,189
92505,79.8125,210
92506,80,172
92507,77.82222222,149
92508,80.6,162
92509,78.2375,187
92516,75.2,51
92519,75.2,51
92530,76.77777778,147
92531,79,51
92536,81.85,82
92539,78.6,81
92543,74.18571429,108
92544,75.775,97
92545,76.25714286,108
92549,80.4,85
92551,78.81428571,120
92553,76.8,132
92555,78.9,121
92557,79.17272727,137
92561,77.8,71
92562,81.28333333,92
92563,82.61666667,77
92567,82.65,95
92570,79.0625,133
92571,77.48571429,113
92581,77.8,51
92582,78.16,107
92583,74.075,104
92584,80.58,106
92585,75.66666667,101
92586,78.3,102
92587,81.53333333,110
92590,82.1,73
92591,82.0125,69
92592,82.61818182,70
92593,80.1,51
92595,79.34285714,94
92596,81.8,94
92603,83.76666667,172
92604,83.66,209
92605,79.6,168
92606,81.5,213
92610,81.8,220
92612,83.16,174
92614,82.18,202
92618,83.2,179
92620,84.5,236
92624,80.6,133
92625,85.275,147
92626,80.125,187
92627,78.9,166
92628,84.1,168
92629,85.01666667,129
92630,81.29,182
92637,82.8,0
92646,80.55555556,189
92647,80.7375,408
92648,81.47272727,329
92649,82.075,422
92651,82.84,132
92652,82.9,168
92653,83.16,148
92654,77.9,148
92655,82.25,461
92656,82.58333333,144
92658,87.2,168
92660,82.1875,162
92662,81.1,147
92663,81.32857143,146
92672,81.25,129
92673,82.775,138
92674,81.35,129
92675,83.85,143
92676,79.3,241
92677,82.32142857,138
92679,82.18333333,192
92683,82.52142857,477
92688,81.7,197
92691,82,157
92692,82.82727273,182
92693,80.6,163
92694,86.7,158
92701,80.73333333,267
92703,81.32,411
92704,81.525,339
92705,80.4,266
92706,82.17142857,428
92707,80.86666667,233
92708,80.94,370
92728,82.8,168
92780,81.51,239
92781,78.5,168
92782,81.8,244
92799,79.4,168
92801,79.18333333,543
92802,82.5,506
92804,80.71428571,533
92805,79.04444444,522
92806,80.98181818,498
92807,82.1625,431
92808,85.13333333,293
92809,81.5,0
92811,81,168
92821,82.68333333,555
92822,81.2,168
92823,85.7,542
92825,75.2,168
92831,80.5,542
92832,81.2,549
92833,80.98333333,547
92834,79.7,168
92835,82.71428571,553
92836,82.6,168
92837,76.2,168
92840,81.8,481
92841,80.01428571,505
92842,82.6,168
92843,81.31666667,463
92844,81.41666667,482
92845,81.2,517
92846,78.8,168
92860,79.72857143,255
92861,83.8,413
92863,80.1,168
92865,79.96,498
92866,80.93333333,410
92867,82.95714286,469
92868,79.4,466
92869,82.58571429,280
92870,82.87777778,542
92877,80.8,51
92879,79.52,258
92880,80.51111111,266
92881,81.7,260
92882,80.41875,263
92883,82.92,258
92886,83.59,501
92887,83.93333333,318
93001,78.64444444,86
93003,81.52222222,87
93004,80.81666667,53
93006,81,46
93007,79.3,46
93009,79.6,55
93010,81.17,51
93012,84.18,58
93013,83.7,83
93015,80.3,60
93021,81.98888889,64
93022,81.1,86
93023,82.6,87
93030,79.2875,51
93031,80.2,46
93032,79.7,46
93033,79.8,50
93035,79.94,51
93036,81.21666667,53
93041,79.9,49
93060,79.575,54
93063,80.99,208
93065,80.72142857,109
93067,81.6,73
93094,80.5,46
93099,80.8,46
93101,81.42,79
93103,82,80
93105,83.8,76
93108,84.7,67
93109,82.26,80
93110,82.05,76
93111,82.35,67
93117,81.31666667,68
93190,78,62
93201,77.2,7
93203,77.63333333,22
93204,79.5,1
93205,69.1,8
93210,80.2,1
93212,76.52857143,10
93215,79.72,14
93218,78.9,8
93219,78.65,8
93220,81.9,24
93221,78.1,12
93223,77.7,12
93225,78.25,9
93230,79.325,20
93232,77.1,6
93234,79.1,6
93235,83,13
93237,78.8,6
93241,79.1,23
93242,81.8,33
93245,78.03333333,20
93247,78.08,8
93250,77.03333333,17
93251,74.3,2
93252,73.5,2
93254,82.6,7
93257,76.04444444,8
93258,75.85,8
93263,78.4,16
93265,84,3
93267,75.9,8
93268,74.6,14
93272,82.9,11
93274,77.22,12
93277,77.18888889,13
93278,77.4,7
93279,76.1,13
93280,78.3,15
93283,73.9,5
93286,79.5,9
93290,81.6,0
93291,80.96666667,14
93292,76.93333333,13
93301,73.3,18
93304,75.43,18
93305,73.8,17
93306,76,18
93307,75.4,17
93308,76.22222222,15
93309,76.90833333,18
93311,78.6,17
93312,78.775,16
93313,77.8,19
93314,80.71428571,0
93380,75.1,23
93385,71.5,23
93386,75,23
93387,75.9,23
93390,80.4,23
93401,79.28,51
93402,82.85,52
93406,81.4,50
93412,76.2,50
93420,80.82,42
93422,81.56666667,53
93423,77.2,57
93426,82.3,29
93428,80.7,38
93430,83.1,58
93434,82.9,37
93435,81.9,53
93436,77.89,36
93441,82,56
93442,76.3,57
93444,80.95,39
93445,80,42
93446,79.41666667,51
93448,81.75,50
93451,78.2,21
93453,80.6,1
93454,80.29230769,40
93455,81.51428571,44
93456,81.8,32
93457,81.2,41
93458,79.975,43
93463,85,75
93464,85.8,67
93465,82.25,53
93483,79.5,50
93501,76.63333333,21
93504,76.6,11
93505,74,10
93510,78.7,190
93514,81.16666667,3
93516,75.9,11
93526,79.5,8
93532,79.53333333,24
93534,74.31111111,18
93535,76.17272727,19
93536,78.37777778,32
93543,80.25,86
93544,75.5,77
93546,81.5,6
93549,78.9,6
93550,78.28125,98
93551,80.89,45
93552,77.51666667,86
93553,78.5,131
93555,76.84,7
93560,75.7,23
93561,77.275,11
93584,74.9,443
93586,82.6,443
93591,76.03333333,21
93601,81,15
93602,81.2,21
93604,79.5,15
93608,83.7,2
93609,80.4,31
93610,75.95,8
93611,81.8,31
93612,77.2,29
93613,73.5,31
93614,77.66666667,26
93615,77.7,13
93616,80.8,32
93618,79.05,29
93619,80.37142857,0
93620,76.85,8
93621,72.6,4
93622,77.8,2
93630,80,28
93631,80.01666667,34
93634,80,8
93635,78.85,6
93636,78.1,0
93637,78.7,27
93638,78.46666667,29
93639,75,28
93640,77.2,5
93644,75.3,15
93646,82.8,27
93647,79.4,13
93648,80.25,34
93653,77.8,20
93654,81.92,32
93656,81.2,30
93657,79.2,31
93662,79.025,34
93665,80.3,6
93668,78.5,15
93669,78.1,12
93670,78.7,13
93673,82.6,27
93701,72.85,28
93702,75.03333333,32
93703,75.66666667,28
93704,78.6,30
93705,77.98571429,29
93706,76.15714286,32
93710,79.075,30
93711,80.8,30
93716,70.4,32
93720,81.5125,31
93721,75.3,31
93722,78.33571429,29
93723,81.9,0
93725,77.3,32
93726,76.075,29
93727,78.51666667,32
93728,73.15,29
93730,83.66666667,0
93737,82.7,0
93747,75.6,32
93779,71.8,32
93790,77.8,32
93901,79.55,70
93902,73.3,1
93905,78.76363636,70
93906,79.98888889,73
93907,75,74
93908,79.95,68
93920,86.4,4
93923,82.03333333,58
93924,85.7,60
93925,80.4,65
93926,81.9,61
93927,81.63333333,5
93930,81,1
93933,81.15,69
93940,84,66
93943,83,1
93950,83.975,65
93953,85.9,66
93954,79.1,4
93955,79.7375,68
93960,80.16666667,13
93962,79.2,68
94002,83.53333333,408
94010,82.95,400
94011,82.7,394
94014,82.91,408
94015,82.33,394
94017,81.3,394
94019,82.2,380
94022,85.15,121
94023,86.4,75
94024,85.64285714,105
94025,83.98333333,414
94026,81.03333333,394
94027,84.4,414
94030,84.05,403
94037,86.2,379
94040,83.5125,113
94041,82,118
94042,81.9,75
94043,82.73333333,124
94044,81.05714286,381
94060,84.5,83
94061,81.83333333,413
94062,84.55,411
94063,79.53333333,413
94064,77.4,394
94065,81.2,409
94066,81.42222222,398
94070,82.93,409
94080,81.76363636,404
94083,80.85,394
94085,80.74,107
94086,84.44285714,106
94087,84.14,103
94088,81.6,75
94089,82.125,109
94102,76.36,394
94103,80.875,398
94107,80.31666667,402
94108,82.8,394
94109,80.7,392
94110,80.46923077,400
94111,82.05,394
94112,83.05,404
94114,81.51428571,396
94115,81.62,392
94116,84.53,387
94117,80.54,392
94118,85.15,389
94121,85.73333333,381
94122,85.25454545,387
94123,83.375,391
94124,79.14,413
94127,84.73333333,394
94129,78.1,380
94130,75.7,395
94131,80.03333333,397
94132,83.18571429,392
94133,83.9,393
94134,79.59090909,413
94301,84.57142857,412
94303,81.7,400
94304,84.9,265
94306,85.02,314
94401,81.23333333,395
94402,84.36666667,395
94403,83.36363636,403
94404,83.87,406
94501,80.15714286,415
94502,83.75,418
94503,80.3,363
94505,81.1,0
94507,84,376
94509,76.62,42
94510,79.9,381
94512,80,46
94513,80.43,42
94514,80.7,27
94515,84.85,103
94517,81.4,247
94518,81.2,364
94519,80.325,355
94520,78.72222222,362
94521,80.63333333,339
94523,81.68888889,369
94526,82.5,395
94530,82.725,371
94531,77.7,41
94533,76.95294118,74
94534,80.41428571,82
94536,83.06666667,399
94537,85,377
94538,81.47692308,204
94539,85.07777778,112
94541,78.79285714,422
94542,80.8,427
94544,79.78125,425
94545,80.55714286,427
94546,80.44,419
94547,82.06666667,378
94549,84.7125,367
94550,81.01,96
94551,81.07777778,377
94552,82.33333333,422
94553,79.09,374
94555,83.275,419
94556,86.05,403
94558,81.175,113
94559,81.51666667,104
94560,83.25,413
94561,79.46666667,46
94562,83.5,105
94563,84,379
94564,81.4,375
94565,78.09411765,43
94566,83.45,134
94567,81.8,95
94568,82.12857143,408
94571,76.2,49
94572,83.9,384
94574,83,104
94575,83.5,406
94577,80.98333333,420
94578,79.04,415
94579,82.025,419
94580,81.825,423
94582,83.875,0
94583,84.8,406
94585,77.775,76
94587,82.47857143,423
94588,82.65714286,318
94589,78.26666667,378
94590,76.14166667,386
94591,79.87857143,389
94595,83,364
94596,83.05,366
94597,85.2,406
94598,83.03333333,365
94601,77.38333333,416
94602,80.06666667,413
94603,76.01666667,419
94604,81.9,377
94605,77.05833333,418
94606,77.87272727,414
94607,77.58,402
94608,78.3,397
94609,81.05,399
94610,82.60909091,406
94611,83.67142857,402
94612,78.7125,406
94613,82.3,415
94614,74.6,422
94618,83.625,397
94619,80.5625,414
94620,79.7,377
94621,75.15,418
94623,76.6,377
94662,80.9,377
94702,80.11428571,383
94703,80.25,387
94704,85.56666667,387
94705,85.05,395
94706,82.85,370
94707,86.4,370
94708,84.9,370
94709,84.2,372
94710,77.6,372
94712,77,377
94720,80.4,388
94801,76.475,368
94802,75,406
94803,77.5,372
94804,78.1,368
94805,80.55,368
94806,79.89,373
94850,80.5,406
94901,81.7,356
94903,82.7,365
94904,83.125,357
94912,85.9,351
94915,79.5,401
94920,85.875,358
94922,82.6,76
94924,84.2,337
94927,80.9,75
94928,78.78,114
94929,86.9,59
94930,85.3,356
94931,81.13333333,113
94939,81.5,357
94941,83.32,353
94942,84,351
94945,81.46666667,413
94947,82.08,411
94949,84.075,399
94952,80.64285714,110
94954,80.81666667,118
94960,85.975,356
94965,83.95,354
94972,84.7,91
94976,83.3,351
94999,83.1,111
95003,81.75,98
95004,82.96666667,80
95005,78.4,94
95008,81.1375,102
95010,81.4,107
95011,81.3,75
95012,80.5,74
95014,86.52,100
95018,85.35,94
95019,84.2,92
95020,80.45555556,47
95021,83.6,41
95023,81.54444444,23
95030,83.85,95
95031,79.7,75
95032,83.225,98
95033,84.15,95
95035,83.03076923,101
95036,82.1,100
95037,80.84444444,63
95039,79.9,76
95045,86.8,73
95046,85.1,55
95050,81.18,104
95051,82.52727273,102
95052,81.1,75
95054,80.55,105
95056,82.8,75
95060,81.92,94
95062,79.43333333,105
95065,78.55,102
95066,83.25,96
95070,83.58,98
95073,83.03333333,101
95076,82.03076923,93
95077,79.6,100
95110,80.95,105
95111,81.86666667,101
95112,81.8875,106
95113,80.76666667,106
95116,81.12727273,106
95117,81.025,104
95118,82.4,97
95119,81.2,97
95120,83.7625,95
95121,83.36666667,102
95122,80.53333333,104
95123,82.5,97
95124,81.35,97
95125,80.775,103
95126,81.2,105
95127,83.12307692,104
95128,81.36,105
95129,83.63333333,103
95130,81.5,102
95131,88.5,105
95132,83.43333333,103
95133,83.84,106
95135,83.82,101
95136,81.7,98
95138,84.3,97
95139,83.45,97
95140,84.4,94
95148,83.17142857,104
95150,84.7,75
95155,82.4,75
95160,81.5,75
95173,83.1,75
95192,80.9,75
95202,68.5,21
95203,73.15,21
95204,75.925,22
95205,74.1125,20
95206,77.30769231,20
95207,76.42727273,16
95208,70.9,20
95209,77.44285714,16
95210,76.74166667,16
95212,77.8,19
95215,76.82,20
95219,81.06,15
95222,82.7,26
95224,80,23
95225,84.9,33
95228,79.5,30
95230,79.1,35
95237,79.2,22
95240,76.92222222,16
95241,75.6,20
95242,79.98333333,16
95246,75.7,27
95248,78.8,27
95252,79.1,38
95258,80,19
95269,73.2,20
95301,79.48888889,13
95303,80.3,18
95305,81.3,19
95306,78.1,15
95307,76.18333333,16
95315,78.8,19
95317,79,8
95320,81.2,20
95321,77.85,16
95322,77.8,7
95326,79.4,17
95329,79.7,23
95330,79.125,18
95333,79.5,9
95334,80,19
95336,79.72,20
95337,76.53333333,20
95338,77.1,17
95340,77.5125,9
95341,75.78,10
95343,81.2,10
95348,76.26,9
95350,76.75,15
95351,76.87,16
95353,73,16
95354,75.75,16
95355,77.27,16
95356,78.8,16
95357,78.2,16
95358,77.92857143,15
95360,80.2,15
95361,78.46,20
95363,78.55,17
95366,81.53333333,20
95367,75.96666667,15
95368,75.7,16
95370,78.38,19
95373,78.4,18
95376,78.44545455,29
95377,79.4,29
95379,85.9,18
95380,79.18888889,18
95381,75.9,16
95382,78.66,17
95385,77.2,16
95386,77.2,21
95387,80.9,16
95388,77.53333333,17
95401,79.63636364,108
95403,78.98,104
95404,81.84285714,108
95405,79.1,107
95407,78.67142857,110
95409,79.625,107
95418,76.9,14
95422,67.95,37
95423,72.5,11
95424,72.8,35
95425,75.9,65
95427,78.9,17
95428,80.5,2
95437,79.15,12
95439,79.35,104
95441,81.4,74
95442,82.25,119
95445,81.8,8
95446,80.35,73
95448,84.4,94
95449,77.2,30
95451,76.8,40
95452,80.7,108
95453,75,17
95456,82.5,16
95457,81.75,48
95461,81.9,94
95464,73,14
95469,78.5,11
95470,78.3,11
95472,82.56,104
95476,81.08571429,118
95482,79.7,12
95485,77.6,12
95486,79.9,63
95490,77,16
95492,81.68,100
95494,84,21
95501,75.15,22
95503,76.175,22
95514,79.3,2
95519,78.4,21
95521,79.24,23
95531,75.15,5
95532,78,6
95534,79.7,22
95536,79.55,17
95540,75.5,17
95546,76.7,11
95547,78.1,17
95548,77.1,6
95549,82.1,22
95550,80.4,22
95554,83,3
95555,80.1,11
95558,81.5,5
95567,79.7,6
95568,78.2,2
95570,78.7,18
95589,78.8,0
95602,82.6,57
95603,78.23333333,56
95604,75.2,34
95605,77.2,61
95606,83.7,42
95608,78.04166667,74
95610,77.39090909,71
95612,82.3,55
95616,81.5875,47
95618,82.7,53
95619,77.7,52
95620,80.35,42
95621,78.14,72
95624,80.55833333,67
95625,78.5,69
95628,80.29090909,77
95630,81.77692308,63
95631,81,28
95632,79.65714286,45
95635,86.85,50
95636,76.4,15
95638,80.75,54
95640,79.2,44
95641,82.2,35
95645,83.3,45
95646,79.8,18
95648,80.125,62
95650,84,59
95652,78.4,69
95658,80.25,60
95660,75.475,69
95661,78.975,65
95662,79.65,69
95663,78.4,61
95665,76.8,24
95667,80.63333333,52
95670,78.70833333,80
95672,81.3,63
95673,76.02,67
95674,80.3,58
95677,79.35714286,60
95678,79.19090909,68
95682,80.72,63
95685,84.4,37
95687,80.8,69
95688,80.48,77
95689,78.06666667,24
95690,78.4,38
95691,78.32,63
95692,79.4,51
95693,81.4,70
95694,81,63
95695,81.08888889,42
95696,76.1,67
95701,81.8,25
95709,79.4,35
95712,80.2,27
95713,84.7,29
95722,80.8,46
95726,78.25,15
95735,81.2,25
95742,80.18,68
95746,82.3,63
95747,81.54285714,71
95757,81.55,0
95758,81.1875,66
95762,83.61428571,64
95763,77,66
95765,82.62857143,64
95776,80.8,49
95798,69.2,62
95811,78.76666667,0
95813,72.3,66
95814,77.6,60
95815,75.5,67
95816,77.6,61
95817,76.675,62
95818,80.175,63
95819,82.1,66
95820,77.89230769,66
95821,76.1875,68
95822,79.9,69
95823,78.15294118,68
95824,75.96,67
95825,78.14285714,67
95826,78.95714286,74
95827,77.12,78
95828,77.92857143,68
95829,79.98571429,70
95830,78.3,85
95831,82.1,67
95832,76.03333333,68
95833,80.25,66
95834,78.68,67
95835,81.55,66
95838,73.46,67
95841,75.81428571,71
95842,77.73333333,70
95843,79.24444444,67
95864,80.32,68
95866,74.8,66
95867,68.5,66
95901,74.73333333,22
95915,74.5,8
95917,78.85,23
95918,78.1,22
95926,77.975,19
95927,78.7,19
95928,78.71428571,19
95932,79.26666667,5
95939,82.8,0
95941,76.7,18
95942,86,17
95943,80.8,18
95945,78.86666667,27
95948,76.4,22
95949,79.25,37
95953,78.9,10
95954,76.13333333,18
95958,82.4,21
95959,79.46666667,23
95961,73.55,32
95963,79.84,13
95965,75.51428571,24
95966,75.95,28
95968,75.8,24
95969,76.83333333,20
95971,78,9
95973,79.07142857,18
95975,80.5,34
95977,77.6,36
95979,82.6,3
95981,77.6,19
95982,76.4,9
95987,80.7,2
95988,77.1,11
95991,77.6,10
95993,80.05,8
96001,77.11111111,12
96002,76.9875,11
96003,76.9,9
96007,75.2125,11
96008,79.2,9
96010,78.8,2
96014,82.2,8
96017,78.1,8
96019,75.325,9
96020,77.5,6
96021,77.9,13
96022,79.8,11
96023,79.8,5
96024,78.8,7
96034,76.2,10
96038,79.8,8
96040,73.6,2
96041,78.8,1
96050,84.4,4
96054,84.8,1
96058,83.15,3
96059,75.9,9
96062,79.2,11
96064,76.1,8
96067,71,8
96071,81.8,5
96078,76.9,7
96080,77,11
96085,81.9,2
96087,80.7,9
96088,80.7,9
96093,87.2,2
96097,74.4,3
96099,74.2,9
96101,75.1,1
96103,81,7
96106,80,7
96108,77.8,1
96111,79.8,79
96113,77.2,1
96115,81.5,1
96118,84.9,56
96120,80.4,30
96121,83.8,3
96123,76.6,0
96130,74.76,3
96133,81.6,7
96135,76.9,6
96145,82.3,74
96150,79.06,37
96151,80.1,37
96155,80.4,37
96158,74.6,37
96160,78.1,76
96161,82,77
